22,R/V,N9.5,YR/B,bright,
22,R/V,N9.5,Y/V,festive,
22,R/V,N9.6,PB/V,vigorous,
22,R/V,Y/Dl,Y/V,hot,
22,R/V,Y/V,PB/Dp,vigorous,
22,R/V,N9.5,N1.5,bold,
22,R/S,N1.5,R/V,forceful,
22,R/V,N1.5,Y/V,dynamic,
22,BG/V,R/V,N1.5,dynamic and active,
23,YR/S,R/S,Y/S,rich,
23,R/S,R/P,RP/Dl,mature,
23,R/S,RP/L,RP/Dl,alluring,
23,YR/Dp,R/S,YR/Dk,untamed,
23,R/S,Y/S,P/B,glossy,
23,P/Dl,R/S,P/L,fascinating,
23,YR/S,R/S,G/Dl,abundant,
23,R/S,Y/S,RP/Dgr,luxurious,
23,YR/Dk,R/S,P/Dk,mellow,
24,R/B,R/Vp,YR/P,sweet,
24,R/B,YR/P,Y/P,cheerful,
24,R/B,Y/Vp,B/P,childlike,
24,RP/B,Y/P,R/B,joyful,
24,R/B,N9.5,Y/V,bright,
24,R/B,Y/P,G/B,merry,
24,R/V,N9.5,R/B,festive,
24,Y/B,R/B,P/B,colorful,
24,RP/S,R/B,P/S,brilliant,
25,R/P,Y/Vp,YR/P,sweet,
25,Y/P,R/P,YR/Vp,pretty,
25,R/P,YR/Vp,R/Lgt,sunny,
25,R/L,R/P,Y/Vp,generous,
25,R/P,Y/P,G/P,childlike,
25,R/P,YR/Vp,RP/P,sweet and dreamy,
25,R/P,GY/P,Y/B,sweet-sour,
25,R/P,Y/P,B/P,cute,
25,R/P,YR/Vp,P/Lgr,feminine,
26,R/Lgr,R/Vp,R/P,agreeable to the touch,
26,YR/Lgr,R/Vp,Y/Lgr,amiable,
26,R/Vp,N9.5,G/Vp,innocent,
26,R/Vp,R/Lgr,R/L ,smooth,
26,R/Vp,P/Lgr,Y/Lgr,gentle,
26,R/Vp,N8,G/Vp,supple,
26,RP/P,R/Vp,P/P,sweet and dreamy,
26,R/Vp,RP/P,P/VP,soft,
26,RP/P,R/Vp,B/Vp,charming,
27,YR/Lgr,R/Vp,R/Lgr,agreeable to the touch,
27,R/Lgr,P/Lgr,YR/Vp,supple,
27,R/Lgr,N9,GY/Lgr,soft,
27,YR/Lgr,R/Lgr,R/Vp,smooth,
27,YR/Vp,R/Lgr,N7,amiable,
27,R/Lgr,YR/Vp,P/P,tender,
27,R/L,R/Lgr,R/Gr,gentle and elegant,
27,R/Lgr,R/Lgr,YR/Dl,mild,
27,R/Lgr,P/Gr,P/Lgr,genteel,
28,R/L,Y/Lgr,YR/L,pleasant,
28,YR/Vp,YR/Lgr,R/L,mild,
28,R/Vp,R/L,RP/Gr,tender,
28,YR/P,R/L,YR/Lgr,domestic,
28,R/L,YR/Lgr,YR/Dl,generous,
28,RP/Lgr,R/L,YR/Gr,emotional,
28,YR/B,Y/Vp,R/L,casual,
28,R/Lgr,R/L,R/Gr,gentle and elegant,
28,R/L,RP/Lgr,P/Gr,graceful,
29,R/L,YR/Lgr,R/Gr,gentle and elegant,
29,R/Gr,N8,GY/Gr,calm,
29,PB/Vp,N7,R/Gr,sedate,
29,R/Lgr,R/Gr,R/Dl,nostalgic,
29,R/Gr,Y/Lgr,Y/Gr,Japanese,
29,P/Lgr,R/Gr,P/Gr,elegant,
29,R/Dp,R/Gr,P/Dp,mellow,
29,RP/Dl,R/Gr,RP/Lgr,sleek,
29,R/Gr,P/Lgr,RP/Gr,emotional,
30,R/S,YR/S,R/Dl,delicious,
30,R/Dl,YR/L,Y/Lgr,pleasant,
30,R/Dl,YR/Lgr,Y/Dl,nostalgic,
30,Y/S,RP/Dk,R/Dl,mature,
30,P/Dp,R/Dl,GY/Gr,interesting,
30,R/Dl,PB/Dk,GY/Dl,diligent,
30,P/Dl,R/Dl,R/Dp,alluring,
30,R/Dl,R/Dp,P/Dk,mellow,
30,YR/Gr,GY/Dk,R/Dl,tasteful,
31,R/Dp,Y/S,P/Dp,extravagant,
31,R/Dp,YR/Gr,P/Dk,mellow,
31,R/Dp,P/Dl,Y/Dl,ethnic,
31,R/Dp,Y/S,GY/Dk,rich,
31,Y/S,R/Dp,N1.5,luxurious,
31,R/Dp,P/Dk,BG/Dl,elaborate,
31,N1.5,R/Dp,R/Dk,robust,
31,R/Dp,N1.5,YR/V,dynamic and active,
31,R/Dp,N1.5,G/Dk,untamed,
32,R/Dk,R/Dl,YR/L,fruitful,
32,R/Dk,Y/Dp,P/Dl,ethnic,
32,Y/Dl,R/Dk,P/S,elaborate,
32,R/Dk,R/Dl,P/Dp,mellow,
32,YR/Dl,R/Dk,YR/Dgr,traditional,
32,GY/Gr,R/Dk,N1.5,substantial,
32,R/Dk,YR/Dk,N1.5,heavy and deep,
32,R/Dgr,N5,R/Dk,old-fashioned,
32,GY/Dk,R/Dk,GY/Dgr,untamed,
33,R/V,Y/V,R/Dgr,dynamic and active,
33,Y/Dk,YR/Gr,R/Dgr,placid,
33,R/Dgr,Y/Dk,N5,quiet and sophisticated,
33,R/V,R/Dgr,Y/S,wild,
33,R/Dgr,N5,R/Dk,old-fashioned,
33,R/Dgr,N5,B/Dk,dignified,
33,Y/Dp,R/Dp,R/Dgr,untamed,
33,R/Dgr,YR/Dk,P/Dgr,serious,
33,R/Dgr,N4,PB/Dgr,strong and robust,
34,R/V,YR/V,Y/B,dazzling,
34,YR/V,YR/Dl,YR/P,delicious,
34,YR/V,Y/P,BG/B,casual,
34,YR/V,RP/V,Y/V,ﬂamboyant,
34,YR/V,Y/L,R/S,abundant,
34,YR/V,Y/V,B/B,enjoyable,
34,R/V,YR/V,N1.5,forceful,
34,RP/V,YR/V,G/Dp,tropical,
34,YR/V,N9.5,PB/V,lively,
35,YR/S,YR/P,YR/Dp,aromatic,
35,R/V,N9,YR/S,bright,
35,YR/S,Y/B,BG/B,enjoyable,
35,R/S,YR/S,R/Dl,delicious,
35,R/S,Y/S,YR/S,abundant,
35,YR/S,R/S,RP/Dl,rich,
35,R/Dp,P/Dl,YR/S,luxurious,
35,R/S,N2,YR/S,dynamic and active,
35,YR/S,R/Dgr,Y/Dk,untamed,
36,Y/P,YR/B,YR/Vp,delicious,
36,YR/B,N9.5,Y/B,friendly                                            ,
36,YR/B,Y/Vp,G/B,lighthearted,
36,R/B,Y/P,YR/B,merry,
36,YR/B,Y/P,BG/P,open,
36,YR/B,G/P,RP/B,amusing,
36,R/V,N9.5,YR/B,bright,
36,R/V,YR/B,PB/V,lively,
36,YR/B,Y/Vp,B/B,healthy,
37,Y/P,YR/Vp,YR/P,sweet,
37,YR/P,Y/Vp,GY/Lgr,restful,
37,YR/P,YR/Vp,GY/P,sunny,
37,R/B,YR/P,Y/P,cheerful,
37,YR/P,Y/Vp,Y/L,lighthearted,
37,YR/P,Y/Vp,BG/P,free,
37,YR/P,R/L,YR/Lgr,domestic,
37,YR/Vp,YR/P,YR/L,intimate,
37,YR/P,Y/Vp,GY/B,friendly,
38,R/P,N9.5,YR/Vp,soft,
38,R/P,YR/Vp,Y/Lgr,domestic,
38,YR/Vp,BG/Vp,P/Vp,dreamy,
38,YR/Vp,YR/L,Y/Lgr,intlmate,
38,YR/P,YR/Vp,GY/P,sunny,
38,RP/Lgr,YR/Vp,N8,delicate,
38,YR/Vp,YR/Lgr,R/L,mild,
38,RP/P,YR/Vp,B/Vp,charming,
38,RP/Lgr,YR/Vp,P/P,feminine,
39,YR/Lgr,Y/Lgr,Y/Vp,agreeable to the touch,
39,YR/Lgr,N9.5,Y/Lgr,amiable,
39,YR/Lgr,N9,B/Vp,gentle,
39,N9,YR/Lgr,YR/L,smooth,
39,YR/Lgr,YR/Vp,Y/Lgr,intimate,
39,YR/Lgr,YR/Vp,N8,dry,
39,YR/Lgr,R/L,YR/Dl,generous,
39,YR/Vp,YR/Lgr,R/Gr,pleasant,
39,YR/Lgr,YR/Vp,RP/Lgr,mild,
40,YR/P,YR/L,R/Vp,intimate,
40,YR/Vp,YR/Lgr,YR/L,amiable,
40,YR/L,Y/Vp,GY/Lgr,wholesome,
40,R/P,R/Vp,YR/L,pleasant,
40,YR/L,Y/L,Y/Lgr,natural,
40,YR/L,Y/Vp,Y/L,generous,
40,YR/Dl,R/Lgr,YR/L,calm,
40,R/Gr,YR/L,Y/Lgr,gentle and glegant,
40,YR/L,YR/Vp,G/L,domestic,
41,YR/Gr,Y/Lgr,Y/Gr,calm,
41,YR/Gr,N8,RP/Gr,modest,
41,YR/Gr,PB/Lgr,B/Gr,aqueous,
41,Y/L,Y/Dl,YR/Gr,provincial,
41,N7,YR/Gr,N4,chic,
41,YR/GR,N6,N8,"simple, quiet and elegant",
41,Y/Dk,YR/Gr,R/Dgr,placid,
41,YR/Gr,N5,N3,subtle and mysterious,
41,Y/Gr,N4,YR/Gr,sober,
42,YR/Dl,R/Lgr,YR/L,calm,
42,YR/Dl,N6,Y/Dl,simple,
42,YR/Dl,Y/Dl,N4,provincial,
42,R/Dk,Y/L,YR/Dl,aromatic,
42,YR/Dk,YR/Dl,Y/Dp,rustic,
42,YR/Dl,YR/Gr,YR/Dgr,diligent,
42,RP/Dp,YR/Dl,YR/Dgr,old-fashioned,
42,YR/Dl,Y/Dk,P/Dk,classic,
42,Y/Dk,YR/Dl,PB/Dgr,traditional,
43,YR/Dp,YR/Lgr,YR/V,delicious,
43,YR/Dk,YR/Dp,YR/L,aromatic,
43,YR/Dp,Y/L,Y/Dp,pastoral,
43,Y/Dgr,YR/Dp,Y/Dp,rustic,
43,YR/Dp,R/Dgr,GY/Gr,practical,
43,P/Dk,YR/Dp,GY/Dk,traditional,
43,YR/Dp,R/S,Y/Dk,untamed,
43,Y/S,YR/Dp,N1.5,grand,
43,PB/Dgr,YR/Dp,N1.5,sturdy,
44,YR/L,Y/Dl,YR/Dk,pastoral,
44,YR/Dl,YR/Lgr,YR/Dk,aromatic,
44,YR/Gr,N5,YR/Dk,placid,
44,Y/S,YR/Dp,YR/Dk,rustic,
44,YR/Dk,YR/Dl,Y/Dk,practical,
44,YR/Dk,Y/Gr,G/Dgr,conservative,
44,R/Dk,Y/S,YR/Dk,substantial,
44,YR/Dk,YR/Dp,N1.5,sturdy,
44,PB/Dgr,YR/Dk,N2,heavy and deep,
45,YR/Dgr,R/Dk,YR/Dl,traditional,
45,R/Gr,YR/Dk,YR/Dgr,practical,
45,YR/Dgr,Y/Gr,GY/Dk,sound,
45,YR/Dgr,YR/Dl,Y/Dk,sturdy,
45,YR/Dgr,YR/Gr,Y/Dgr,conservative,
45,YR/Dgr,Y/Dl,N4,quiet and sophisticated,
45,YR/Dgr,R/V,N1.5,untamed,
45,YR/Dgr,YR/Dk,N2,heavy and deep,
45,YR/Dgr,N4,N1.5,strong and robust,
46,RP/V,YR/V,Y/V,vivid,
46,R/V,Y/V,G/V,ﬂamboyant,
46,Y/V,N9.5,PB/V,sporty,
46,P/V,Y/V,RP/V,showy,
46,YR/V,P/V,Y/V,dazzling,
46,R/V,PB/Dp,Y/V,lively,
46,Y/V,R/V,N1.5,bold,
46,RP/V,Y/V,N1.5,dynamic,
46,P/V,V/V,N1.5,intense,
47,R/V,Y/S,YR/Dk,hot,
47,R/Dp,B/Dp,Y/S,ethnic,
47,RP/Dp,P/S,Y/S,extravagant,
47,Y/S,R/Dp,YR/Dk,rich,
47,R/Dl,RP/Dk,Y/S,mature,
47,RP/V,Y/S,P/V,decorative,
47,R/Dk,Y/S,YR/Dk,substantial,
47,R/Dp,Y/S,P/Dk,luxurious,
47,RP/Dp,Y/S,P/Dp,gorgeous,
48,R/B,Y/B,R/P,cheerful,
48,YR/P,Y/Vp,Y/B,friendly,
48,Y/B,N9.5,GY/B,youthful,
48,YR/V,Y/B,BG/B,enjoyable,
48,Y/B,RP/B,BG/B,pretty,
48,Y/B,N9.5,BG/B,open,
48,R/V,Y/B,P/S,showy,
48,R/V,Y/B,PB/S,casual,
48,G/B,Y/B,PB/V,young,
49,YR/P,R/B,Y/P,cheerful,
49,YR/B,N9.5,Y/P,healthy,
49,Y/P,G/L,G/Vp,citrus,
49,RP/B,Y/P,G/P,cute,
49,R/P,Y/P,B/P,childlike,
49,Y/P,N9.5,G/B,youthful,
49,R/B,Y/P,G/B,merry,
49,YR/B,Y/P,BG/P,open,
49,BG/B,Y/P,PB/B,young,
50,Y/Lgr,Y/Vp,YR/Lgr,gentle,
50,YR/P,Y/Vp,GY/P,free,
50,Y/L,Y/Vp,GY/Lgr,wholesome,
50,YR/P,Y/Vp,Y/B,friendly,
50,RP/P,Y/Vp,B/Vp,dreamy,
50,Y/Vp,GY/Lgr,N7,plain,
50,R/L,R/P,Y/V,generous,
50,YR/B,Y/Vp,G/B,open,
50,B/L,Y/Vp,Y/Lgr,peaceful,
51,YR/P,YR/Vp,Y/Lgr,restful,
51,Y/Lgr,GY/Vp,GY/Lgr,plain,
51,Y/Lgr,G/Vp,G/Lgr,tranquil,
51,YR/L,Y/Lgr,YR/Vp,intimate,
51,Y/L,Y/Lgr,GY/L,natural,
51,Y/Lgr,GY/L,GY/Gr,simple and appealing,
51,R/L,Y/Lgr,YR/L,pleasant,
51,YR/L,Y/Lgr,BG/Lgr,friendly,
51,Y/Lgr,N7,Y/Gr,dry,
52,Y/L,YR/L,Y/Lgr,intimate,
52,YR/L,Y/Vp,Y/L,wholesome,
52,Y/L,Y/Vp,N8,simple and appealing,
52,YR/S,Y/Lgr,Y/L,restful,
52,Y/Lgr,Y/L,Y/Gr,calm,
52,Y/L,GY/Lgr,GY/L,natural,
52,YR/Dp,Y/L,Y/Dp,pastoral,
52,Y/L,GY/Gr,Y/Dl,provincial,
52,Y/L,G/Dl,P/Dk,interesting,
53,YR/Lgr,YR/L,Y/Gr,calm,
53,Y/Lgr,N7,Y/Gr,dry,
53,N7,Y/Gr,N5,sober,
53,YR/Dl,R/Lgr,Y/Gr,nostalgic,
53,R/Gr,YR/Gr,Y/Gr,Japanese,
53,Y/Gr,N3,N5,subtle and mysterious,
53,YR/Dk,Y/Gr,GY/Dk,conservative,
53,N3,Y/Gr,PB/Dk,sound,
53,B/Dk,Y/Gr,N1.5,dapper,
54,YR/L,Y/Dl,YR/Dk,pastoral,
54,R/L,RP/Dk,Y/Dl,nostalgic,
54,YR/Gr,N7,Y/Dl,provincial,
54,R/Dk,Y/Dl,P/S,elaborate,
54,Y/Dl,RP/Dl,BG/Dk,diligent,
54,YR/Dl,N6,Y/Dl,"simple, quiet and elegant",
54,R/Dk,Y/Dl,N2,old-fashioned,
54,RP/Dp,Y/Dl,P/Dk,mellow,
54,YR/Dgr,Y/Dl,N4,quiet and sophisticated,
55,R/Dp,Y/Dp,YR/Dk,extravagant,
55,R/S,Y/Dp,P/Dp,decorative,
55,Y/L,Y/Dp,GY/L,pastoral,
55,Y/Dp,RP/Dp,RP/Dgr,elaborate,
55,R/Dk,Y/Dp,P/Dl,ethnic,
55,Y/Dp,YR/Dp,Y/Dgr,rustic,
55,Y/Dp,R/Dp,P/Dk,gorgeous,
55,R/Dp,Y/Dp,Y/Dk,wild,
55,YR/Dk,Y/Dp,N3,bitter,
56,Y/Dk,R/Gr,P/Dk,tasteful,
56,Y/Dk,Y/Gr,N3,placid,unplacid
56,Y/Dk,Y/Dp,G/Dgr,bitter,
56,YR/Dgr,YR/Dl,Y/Dk,sturdy,
56,R/Dgr,Y/Dk,N5,quiet and sophisticated,
56,YR/Dgr,Y/Dk,P/Dk,traditional,
56,Y/Dk,N1.5,GY/Dp,untamed,
56,RP/Dk,Y/Dl,Y/Dk,old-fashioned,
56,N5,Y/Dk,PB/Dgr,conservative,
57,RP/Dp,YR/Dl,Y/Dgr,tasteful,tasteless
57,R/DGr,Y/Gr,Y/Dgr,quiet and sophisticated,
57,Y/Dgr,N6,BG/Dgr,placid,
57,Y/Dp,YR/Dp,Y/Dgr,rustic,
57,N2,Y/Dp,Y/Dgr,bitter,
57,Y/Dgr,Y/Gr,PB/Dk,dapper,
57,Y/Dgr,R/Dk,PB/Dgr,heavy and deep,
57,N1.5,Y/Dgr,YR/Dk,serious,
57,Y/Dgr,N5,N2,strong and robust,
58,YR/V,Y/V,GY/V,enjoyable,
58,Y/V,N9.5,GY/V,healthy,
58,GY/V,N9.5,G/Vp,fresh,
58,R/V,N9.5,GY/V,festive,
58,Y/V,Y/Vp,GY/V,open,
58,GY/V,N9.5,PB/B,clean and fresh,
58,YR/V,GY/V,RP/V,ﬂamboyant,
58,RP/B,P/V,GY/V,amusing,
58,RP/V,N1.5,GY/V,striking,
59,YR/L,Y/Vp,GY/S,lighthearted,
59,Y/L,N9.5,GY/S,wholesome,
59,Y/Vp,GY/S,Y/Dl,calm,
59,YR/Dl,YR/Lgr,GY/S,natural,
59,R/P,P/Dl,GY/S,interesfing,
59,GY/S,N8,G/Gr,quiet,
59,R/Dp,GY/S,YR/Dgr,untamed,
59,RP/Dl,Y/Dp,GY/S,ethnic,
59,N8,GY/S,N4,artistic,
60,R/P,GY/B,Y/B,sweet-sour,
60,Y/B,N9.5,GY/B,youthful,
60,GY/B,Y/Vp,BG/P,free,
60,RP/B,Y/Vp,GY/B,cute,
60,YR/P,Y/Vp,GY/B,friendly,
60,GY/B,N9.5,PB/B,fresh,
60,Y/B,R/V,GY/B,bright,
60,GY/P,Y/V,GY/B,citrus,
60,GY/Vp,GY/B,BG/B,steady,
61,Y/Vp,R/P,GY/P,sweet-sour,
61,GY/P,Y/Vp,G/Lgr,tranquil,
61,GY/P,BG/B,B/Vp,fresh,
61,YR/L,Y/Vp,GY/P,free,
61,GY/P,Y/V,Y/Vp,citrus,
61,GY/P,N9.5,BG/B,fresh and young,
61,YR/P,YR/Vp,GY/P,healthy,
61,YR/B,GY/P,Y/Vp,lighthearted,
61,PB/B,GY/P,B/B,youthful,
62,R/Vp,N9.5,GY/Vp,innocent,
62,Y/Vp,N9.5,GY/Vp,light,
62,Y/Lgr,GY/Vp,GY/Lgr,plain,
62,YR/P,YR/Vp,GY/Vp,sunny,
62,GY/Vp,R/Vp,PB/V,soft,
62,GY/Vp,G/Lgr,B/Vp,tranquil,
62,GY/Vp,R/P,BG/Vp,sweet-sour,
62,P/Vp,PB/Vp,GY/Vp,emotional,
62,GY/Vp,GY/B,BG/B,steady,
63,R/Lgr,N9,GY/Lgr,soft,
63,YR/Vp,GY/Lgr,N7,tranquil,
63,GY/Lgr,N9,PB/Lgr,plain,
63,YR/Vp,YR/P,GY/Lgr,restful,
63,YR/L,Y/Vp,GY/Lgr,wholesome,
63,Y/L,GY/Lgr,GY/L,natural,
63,R/P,Y/Vp,GY/Lgr,domestic,
63,Y/Gr,GY/L,GY/Lgr,pastoral,
63,P/L,YR/Gr,GY/Lgr,interesting,
66,Y/S,Y/Lgr,GY/Dl,pastoral,
66,Y/Dl,N7,GY/Dl,"simple, quiet and elegant",
66,P/Dl,N9,GY/Dl,Japanese,
66,YR/Dk,YR/Dl,GY/Dl,rustic,
66,R/P,P/Dl,GY/Dl,ethnic,
66,N7,N3,GY/Dl,quiet and sophisticated,
66,R/Dgr,R/V,GY/Dl,wild,
66,P/Dp,R/Dp,GY/Dl,mature,
66,Y/Dgr,GY/Dl,N2,diligent,
67,Y/S,R/S,GY/Dp,mature,
67,YR/Dp,Y/L,GY/Dp,pastoral,
67,GY/Vp,GY/L,GY/Dp,natural,
67,R/Dp,Y/S,GY/Dp,rich,
67,RP/S,PB/Dp,GY/Dp,complex,
67,G/L,GY/Dp,B/Dp,grand,
67,P/Dp,GY/Dp,N1.5,elaborate,
67,YR/Dgr,GY/Dp,N2,untamed,
67,GY/Dp,N7,N1.5,heavy and deep,
68,R/Dk,Y/S,GY/Dk,wild,
68,YR/Dl,GY/Lgr,GY/Dk,pastoral,
68,P/Gr,N4,GY/Dk,subtle and mysterious,
68,P/Dk,R/S,GY/Dk,ethnic,
68,R/Dl,GY/Dk,YR/Gr,tasteful,
68,GY/Dk,Y/Dl,N3,quiet and sophisticated,
68,YR/Dgr,R/Dp,GY/Dk,untamed,
68,P/Dk,YR/Dp,GY/Dk,traditional,
68,YR/Dk,Y/Gr,GY/Dk,conservative,
69,YR/Dk,YR/Dp,GY/Dgr,diligent,
69,YR/Dgr,YR/Gr,GY/Dgr,practical,
69,GY/Dgr,N6,B/Dl,masculine,
69,P/Dk,Y/Dl,GY/Dgr,deep,
69,Y/Dk,Y/Gr,GY/Dgr,splendid,
69,GY/Dgr,N6,PB/Dgr,solemn,
69,GY/Dk,R/Dk,GY/Dgr,untamed,
69,Y/Dl,YR/Dk,GY/Dgr,traditional,
69,YR/Dgr,N4,GY/Dgr,serious,
70,R/V,Y/V,G/V,vigorous,
70,RP/V,G/V,Y/V,vivid,
70,GY/Vp,GY/V,G/V,steady,
70,R/V,PB/V,G/V,lively,
70,RP/V,YR/V,G/V,ﬂamboyant,
70,Y/P,G/V,P/V,showy,
70,RP/V,P/Dp,G/V,provocative,
70,R/V,N1.5,G/V,active,
70,G/V,Y/V,N1.5,dynamic,
71,GY/V,Y/P,G/S,youthful,
71,G/S,Y/Vp,G/P,fresh,
71,G/S,N9.5,BG/P,clean and fresh,
71,RP/V,Y/V,G/S,ﬂamboyant,
71,G/S,Y/P,PB/S,young,
71,GY/Lgr,G/S,G/Dk,relaxed,
71,Y/V,G/S,N1.5,dynamic,
71,RP/S,N1.5,G/S,tropical,
71,G/S,N8,PB/Dk,steady,
72,YR/B,Y/Vp,G/B,lighthearted,
72,Y/Vp,Y/B,G/B,open,
72,Y/Vp,GY/P,G/B,fresh,
72,R/B,Y/P,G/B,enjoyable,
72,R/V,RP/Vp,G/B,bright,
72,G/B,N9.5,PB/B,yothful,
72,RP/B,Y/V,G/B,merry,
72,R/V,Y/V,G/B,showy,
72,RP/V,G/B,P/Dp,provocative,
73,GY/P,Y/Vp,G/P,free,
73,G/P,G/Vp,N9.5,fresh and young,
73,P/P,N9.5,G/P,pure and simple,
73,YR/Vp,Y/P,G/P,open,
73,G/S,Y/Vp,G/P,fresh,
73,G/P,N9.5,PB/B,refreshing,
73,R/B,Y/P,G/P,cute,
73,Y/Vp,G/P,PB/S,steady,
73,G/P,N9,N3,progressive,
74,R/Vp,N9.5,G/Vp,charming,
74,G/Vp,N9.5,BG/Vp,neat,
74,N9.5,G/Vp,BG/P,fresh and young,
74,RP/Vp,N8,G/Vp,supple,
74,Y/P,G/L,G/V,citrus,
74,G/Vp,N9.5,B/P,clear,
74,RP/P,G/Vp,R/Vp,innocent,
74,GY/V,N9.5,G/Vp,fresh,
74,G/Vp,B/Lgr,BG/Gr,quiet,
75,R/Lgr,N9.5,G/Lgr,supple,
75,G/Lgr,YR/Vp,N8,tranquil,
75,G/Lgr,N9,BG/P,pure and simple,
75,GY/Lgr,Y/Vp,G/Lgr,natural,
75,Y/Lgr,G/Lgr,N7,simple and appealing,
75,GY/Lgr,G/Lgr,GY/V,plain,
75,YR/P,YR/Vp,G/Lgr,domestic,
75,G/Lgr,BG/Gr,N7,peaceful,
75,N9.5,G/Lgr,PB/P,crystalline,
76,YR/Vp,N8,G/L,peaceful,
76,GY/P,GY/Vp,G/L,fresh,
76,G/L,N9.5,BG/Vp,neat,
76,Y/P,G/L,G/Vp,citrus,
76,G/Vp,G/L,BG/Gr,tranquil,
76,G/L,N9.5,PB/B,fresh and young,
76,YR/L,Y/Vp,G/L,healthy,
76,G/L,P/Vp,PB/L,Western,
76,G/L,GY/Dp,B/Dp,grand,
77,G/Gr,Y/Lgr,N6,peaceful,
77,N8,B/Lgr,G/Gr,quiet,
77,G/Gr,N9,B/Gr,urbane,
77,P/Gr,PB/Lgr,G/Gr,fashionable,
77,P/Gr,N8,G/Gr,sober,
77,G/Gr,N9.5,PB/Dl,smart,
77,RP/Dl,G/Gr,P/Lgr,interesting,
77,P/Dl,N9,G/Gr,stylish,
77,BG/Vp,G/Gr,RP/Dgr,grand,
78,YR/S,R/S,G/Dl,abundant,
78,GY/Gr,Y/L,G/Dl,natural,
78,G/Dl,N9.5,PB/Dl,intellectual,
78,RP/Lgr,G/Dl,RP/Dgr,adult,
78,Y/Dk,N9,G/Dl,tranquil,
78,G/Dl,BG/Lgr,PB/Gr,quiet,
78,RP/S,R/Dk,G/Dl,complex,
78,Y/L,G/Dl,P/Dk,interesting,
78,GY/Gr,G/Dl,BG/Dgr,deep,
79,RP/V,YR/V,G/Dp,tropical,
79,Y/Lgr,G/Gr,G/Dp,natural,
79,G/Gr,N8,G/Dp,tranquil,
79,Y/Dk,R/S,G/Dp,wild,
79,P/Dp,G/Dp,N7,decorative,
79,G/Dp,BG/Vp,PB/Dp,progressive,
79,RP/Dp,Y/S,G/Dp,ethnic,
79,YR/Dp,N1.5,G/Dp,practical,
79,G/Dp,Y/Gr,N2,sound,
80,R/V,YR/V,G/Dk,abundant,
80,G/Dk,P/Lgr,RP/Dl,adult,
80,N7,BG/Gr,G/Dk,quiet,
80,R/Dp,Y/S,G/Dk,rich,
80,YR/Dk,YR/Dl,G/Dk,untamed,
80,YR/Dgr,N7,G/Dk,dignified,
80,N1.5,R/Dp,G/Dk,robust,
80,P/Dk,YR/Dp,G/Dk,classic,
80,R/Dgr,Y/Dl,G/Dk,practical,
81,YR/Dgr,N5,G/Dgr,quiet and sophisticated,
81,G/Dgr,Y/Dp,Y/Dk,bitter,
81,P/Dgr,PB/Gr,G/DGr,dignified,
81,R/Dgr,YR/Gr,G/Dgr,placid,
81,YR/Dk,Y/Gr,G/Dgr,conservative,
81,G/Dgr,N5,N1.5,strong and robust,
81,YR/Dk,N1.5,G/Dgr,heavy,
81,R/Dgr,Y/Dl,G/Dgr,sound,
81,G/Dgr,YR/Dk,PB/Dgr,heavy and deep,
82,YR/V,Y/P,BG/V,casual,
82,BG/V,N9.5,PB/V,agile,
82,N8,PB/Dk,BG/V,progressive,
82,YR/V,BG/V,RP/V,showy,
82,BG/V,Y/V,PB/Dk,sporty,
82,BG/V,N8,N2,modern,
82,R/V,N1.5,BG/V,vigorous,
82,Y/B,BG/V,N1.5,active,
82,BG/V,N9.5,N1.5,sharp,
83,R/V,N9.5,BG/S,sporty,
83,BG/S,Y/P,PB/DK,active,
83,BG/S,N9.5,PB/Dp,agile,
83,RP/V,YR/B,BG/S,tropical,
83,B/Lgr,BG/S,BG/Dk,grand,
83,BG/S,N8,PB/Dl,smart,
83,P/V,RP/V,BG/S,provocative,
83,BG/S,P/Dp,PB/S,mysterious,
83,BG/S,N9.5,PB/Dk,sharp,
84,R/P,Y/P,BG/B,pretty,
84,GY/B,Y/P,BG/B,youthful,
84,BG/B,N9.5,PB/B,refreshing,
84,YR/S,Y/B,BG/B,enjoyable,
84,BG/B,Y/P,B/V,young,
84,BG/B,N9.5,PB/V,clean and fresh,
84,RP/V,BG/B,Y/V,tropical,
84,RP/B,BG/B,P/V,colorful,
84,G/Vp,BG/B,PB/V,progressive,
85,Y/P,Y/Vp,BG/P,healthy,
85,N9.5,GY/Vp,BG/P,pure,
85,BG/Vp,N9.5,BG/P,neat,
85,G/S,N9.5,BG/P,clean and fresh,
85,B/Vp,BG/P,PB/B,fresh and young,
85,BG/P,N9.5,B/P,clean,
85,R/Vp,P/Dl,BG/P,Western,
85,BG/P,PB/Dp,N7,cultivated,
85,BG/P,N9.5,PB/B,crystalline,
86,R/Vp,N9,BG/Vp,supple,
86,BG/Vp,N9.5,PB/Vp,pure,
86,BG/Vp,N9.5,BG/P,neat,
86,YR/Vp,BG/Vp,GY/Vp,soft,
86,BG/Vp,P/Vp,PB/Lgr,dreamy,
86,BG/Vp,N9.5,PB/P,clean,
86,YR/Lgr,BG/Vp,Y/Vp,gentle,
86,BG/Vp,B/P,B/Dl,steady,
86,BG/Vp,N9.5,PB/B,crystalline,
87,TP/P,Y/Vp,BG/Lgr,pretty,
87,YR/Lgr,Y/Vp,BG/Lgr,peaceful,
87,BG/Lgr,N9.5,B/P,neat,
87,RP/P,RP/Vp,BG/Lgr,tender,
87,YR/L,Y/Lgr,BG/Lgr,friendly,
87,BG/Lgr,N9.5,PB/L,simple,
87,YR/B,BG/Lgr,Y/P,lighthearted,
87,P/Dl,N6,BG/Lgr,stylish,
87,N9.5,BG/Lgr,PB/B,pure,
88,R/L,Y/P,BG/L,casual,
88,GY/Lgr,N9.5,BG/L,fresh,
88,N9.5,BG/Vp,BG/L,fresh and young,
88,RP/B,Y/B,BG/L,amusing,
88,BG/Vp,BG/L,B/Dl,dewy,
88,B/Vp,BG/L,PB/Dl,steady,
88,RP/S,BG/L,P/V,mysterious,
88,BG/L,YR/Vp,PB/Dl,cultivated,
88,BG/L,N9.5,PB/Dp,Western,
89,G/Vp,B/Lgr,BG/Gr,quiet,
89,B/Vp,B/Lgr,BG/Gr,dewy,
89,BG/Gr,N9,N5,chic,
89,Y/Gr,N7,BG/Gr,sober,
89,P/Dl,N8,BG/Gr,noble,
89,N7,BG/Gr,N4,aqueous,
89,BG/Gr,Y/Vp,B/Dk,urbane,
89,BG/Gr,P/Dl,N1.5,distinguished,
89,BG/Gr,N8,B/Dk,intellectual,
90,RP/Dl,BG/Dl,Y/S,ethnic,
90,BG/Dl,N6,PB/Dgr,exact,
90,BG/Dl,N9.5,PB/Dp,smart,
90,P/DK,RP/S,BG/Dl,decorative,
90,P/V,RP/S,BG/Dl,mysterious,
90,BG/Dl,N9.5,P/Dgr,modern,
90,R/Dp,P/Dk,BG/Dl,elaborate,
90,GY/Dk,P/Dl,BG/Dl,complex,
90,B/Lgr,BG/Dl,B/Dk,magnificent,
91,R/Dp,N9,BG/Dp,casual,
91,BG/Dp,P/Lgr,PB/Dl,smart,
91,B/Lgr,B/Vp,BG/Dp,tranquil,
91,YR/L,BG/Dp,Y/L,friendly,
91,GY/Gr,BG/Dp,P/Dk,elaborate,
91,BG/Dp,N9.5,PB/Dp,intellectual,
91,BG/Dp,R/V,R/Dgr,wild,
91,R/Dk,Y/S,BG/Dp,ethnic,
91,GY/Dgr,GY/Dl,BG/Dp,deep,
92,Y/Dp,R/Dp,BG/Dk,ethnic,
92,YR/Dk,Y/Gr,BG/Dk,conservative,
92,B/Gr,BG/Dk,N5,exact,
92,BG/Dk,RP/Dl,Y/Dl,diligent,
92,N1.5,Y/Gr,BG/Dk,intrepid,
92,N1.5,N7,BG/Dk,metallic,
92,RP/Dk,Y/S,BG/Dk,elaborate,
92,BG/Dk,Y/S,N1.5,untamed,
92,P/Dk,N1.5,BG/Dk,majestic,
93,YR/Lgr,Y/Gr,BG/Dgr,calm,
93,BG/Gr,BG/Dl,BG/Dgr,magniﬂcent,
93,BG/Dgr,B/Vp,PB/Dl,masculine,
93,R/Dgr,YR/Gr,BG/Dgr,classic,
93,P/Dgr,Y/Gr,BG/Dgr,sturdy,
93,Y/Dgr,N5,BG/Dgr,placid,
93,BG/Dgr,R/Dp,N1.5,untamed,
93,BG/Dgr,Y/Dk,B/Dgr,heavy and deep,
93,YR/Dk,BG/Dgr,N1.5,serious,
94,R/V,Y/V,B/V,showy,
94,R/V,N9.5,B/V,sporty,
94,BG/B,Y/P,B/V,young,
94,RP/V,B/V,Y/V,vivid,
94,P/V,RP/V,B/V,provocative,
94,PB/V,N9.5,B/V,speedy,
94,R/V,N1.5,B/V,active,
94,RP/V,B/V,N1.5,bold,
94,B/V,N9.5,N1.5,sharp,
95,Y/P,N9.5,B/S,young,
95,B/Vp,BG/P,B/S,fresh and young,
95,PB/P,N9.5,B/S,simple,
95,R/V,Y/B,B/S,casual,
95,P/S,N8,B/S,noble,
95,PB/Dp,N9.5,B/S,smart,
95,RP/V,N9.5,B/S,sporty,
95,B/P,B/S,PB/Dk,masculine,
95,B/S,N8,N1.5,modern,
96,YR/V,Y/Vp,B/B,open,
96,GY/B,N9.5,B/B,fresh,
96,G/P,N9.5,B/B,refreshing,
96,RP/B,B/B,Y/B,enjoyable,
96,BG/B,BG/Vp,B/B,youthful,
96,PB/B,N9.5,B/B,crystalline,
96,R/V,N1.5,B/B,striking,
96,N1.5,N9.5,B/B,agile,
96,PB/V,N9.5,B/B,speedy,
97,YR/P,Y/Vp,B/P,peaceful,
97,G/Vp,N9.5,B/P,clear,
97,B/Vp,N9.5,B/P,crystalline,
97,R/P,Y/P,B/P,cute,
97,B/Gr,N9.5,B/P,simple,
97,PB/P,N9.5,B/P,clean,
97,R/B,Y/Vp,B/P,childlike,
97,BG/B,N9.5,B/P,clean and fresh,
97,PB/B,N9.5,B/P,smart,
98,RP/P,RP/Vp,B/Vp,charming,
98,RP/Vp,N9.5,B/Vp,romantic,
98,BG/P,N9.5,B/Vp,clear,
98,RP/P,B/Vp,Y/Vp,dreamy,
98,B/Vp,N9.5,B/P,crystalline,
98,B/Vp,N9.5,PB/B,pure,
98,P/P,B/Vp,YR/Vp,pure and simple,
98,BG/B,B/Vp,N9.5,fresh and young,
98,B/Vp,N9.5,B/B,refreshing,
99,YR/Vp,P/Lgr,B/Lgr,delicate,
99,Y/L,N9.5,B/Lgr,salty,
99,B/Lgr,PB/Vp,B/L,pure and simple,
99,P/Gr,N9.5,B/Lgr,polished,
99,N8,B/Lgr,G/Gr,quiet,
99,B/Vp,B/Lgr,N6,dewy,
99,P/Dp,B/Lgr,PB/Dgr,eminent,
99,B/Lgr,P/Gr,N4,urbane,
99,B/Lgr,B/Gr,N3,distinguished,
100,G/Lgr,Y/Vp,B/L,peaceful,
100,GY/Lgr,P/L,B/L,interesting,
100,B/Lgr,PB/Vp,B/L,pure and simple,
100,P/S,B/L,P/Lgr,noble and elegant,
100,PB/L,PB/Dl,B/L,intellectual,
100,B/L,N9,PB/Dl,urbane,
100,N1.5,P/Dl,B/L,stylish,
100,Y/Vp,B/L,PB/Dgr,smart,
100,B/L,PB/Lgr,B/Dgr,precise,
101,B/Gr,N8,N4,precise,
101,N8,B/Gr,PB/Dl,quiet,
101,B/Vp,B/Gr,N2,composed,
101,B/Gr,PB/Dl,N3,exact,
101,N2,B/Gr,PB/Dp,sublime,
101,B/Lgr,B/Gr,N3,distinguished,
101,P/Dk,B/Gr,G/Dgr,dignified,
101,N5,PB/Dgr,B/Gr,solemn,
101,N2,B/Gr,N1.5,authoritative,
102,PB/P,PB/Gr,B/Dl,sober,
102,N5,N9.5,B/Dl,urbane,
102,B/Dl,N9,PB/Dp,rational,
102,N4,BG/Gr,B/Dl,exact,
102,N8,B/Dl,N1.5,composed,
102,B/Dl,N9.5,N2,modern,
102,Y/Gr,B/Dl,N2,practical,
102,GY/Dgr,N6,B/Dl,masculine,
102,B/Dl,PB/Lgr,PB/Dk,precise,
103,R/Dp,B/Dp,Y/S,ethnic,
103,N9,PB/Gr,B/Dp,composed,
103,B/Dp,N9.5,PB/B,agile,
103,RP/V,B/Dp,P/Dp,mysterious,
103,N8,B/Gr,B/Dp,precise,
103,PB/Dk,PB/Vp,B/Dp,masculine,
103,B/Dp,Y/Dp,PB/Dgr,intrepid,
103,P/Dp,N9,B/Dp,precious,
103,P/Dgr,N9,B/Dp,metallic,
104,Y/V,N9.5,B/Dk,sporty,
104,PB/Gr,PB/Lgr,B/Dk,urbane,
104,B/Dk,N8,PB/S,masculine,
104,B/Dk,N8,BG/Gr,intellectual,
104,PB/Dl,PB/Lgr,B/Dk,rational,
104,N5,N9,B/Dk,earnest,
104,YR/Dk,Y/Dl,B/Dk,conservative,
104,R/Dgr,N5,B/Dk,dignified,
104,N1.5,Y/Gr,B/Dk,dapper,
105,B/Dgr,Y/Dl,B/Dl,practical,
105,Y/Gr,P/Dl,B/Dgr,sublime,
105,B/Dgr,PB/Vp,PB/B,progressive,
105,Y/Dgr,R/Dp,B/Dgr,robust,
105,Y/Dgr,Y/Gr,B/Dgr,dapper,
105,B/Dgr,P/Gr,B/L,precise,
105,N2,RP/Dk,B/Dgr,strong and robust,
105,BG/Dgr,Y/Dk,B/Dgr,heavy and deep,
105,B/Dgr,P/Gr,N1.5,solemn,
106,R/V,YR/B,PB/V,lively,
106,BG/B,N9.5,PB/V,clean and fresh,
106,B/B,N9.5,PB/V,nimble,
106,R/V,PB/V,Y/V,vigorous,
106,Y/B,N9.5,PB/V,ﬂeet,
106,BG/B,G/Vp,PB/V,progressive,
106,RP/V,Y/V,PB/V,striking,
106,N1.5,Y/V,PB/V,intense,
106,N1.5,N9.5,PB/V,sharp,
107,Y/P,N9.5,PB/S,youthful,
107,N9.5,BG/Vp,PB/S,neat,
107,PB/S,N9.5,B/Vp,pure,
107,Y/P,BG/P,PB/S,young,
107,PB/L,PB/Vp,PB/S,urbane,
107,PB/S,N9.5,B/B,refreshing,
107,G/P,Y/Vp,PB/S,steady,
107,PB/Lgr,PB/S,N1.5,masculine,
107,N1.5,N9.5,PB/S,intellectual,
108,Y/B,N9.5,PB/B,youthful,
108,G/Vp,N9.5,PB/B,pure,
108,B/P,N9.5,PB/B,clear,
108,GY/B,N9.5,PB/B,fresh,
108,B/Vp,BG/P,PB/B,fresh and young,
108,B/Vp,N9.5,PB/B,crystalline,
108,BG/B,N9.5,PB/B,refreshing,
108,B/S,N9.5,PB/B,smart,
108,B/Dgr,PB/Vp,PB/B,progressive,
109,R/B,Y/B,PB/P,casual,
109,N9,B/Vp,PB/P,refined,
109,PB/P,N9.5,B/P,clean,
109,P/P,N9.5,PB/P,pure and elegant,
109,PB/Gr,N9,PB/P,polished,
109,PB/P,PB/Vp,BG/P,refreshing,
109,PB/Dk,PB/P,P/Dl,distinguished,
109,PB/P,PB/Gr,B/Dl,sober,
109,PB/P,N9.5,B/S,simple,
110,RP/Lgr,PB/Vp,N9,emotional,
110,Y/Vp,N9.5,PB/Vp,light,
110,PB/Vp,N9.5,B/Vp,pure,
110,P/Vp,PB/Vp,G/Vp,romantic,
110,PB/Gr,P/Lgr,PB/Vp,polished,
110,B/Lgr,PB/Vp,PB/P,pure and simple,
110,RP/P,YR/Vp,PB/Vp,dreamy,
110,N7,P/Gr,PB/Vp,sedate,
110,PB/Dk,PB/Vp,B/Gr,composed,
111,PB/Lgr,P/Lgr,N9,delicate,
111,G/Vp,PB/Lgr,N6,fashionable,
111,PB/Lgr,N9,B/Lgr,polished,
111,P/Vp,RP/Lgr,PB/Lgr,subtle,
111,PB/Gr,N8,PB/Lgr,urbane,
111,N9,PB/Lgr,N6,quiet,
111,RP/Gr,PB/Lgr,N2,noble and elegant,
111,N4,PB/Lgr,PB/Dl,exact,
111,B/L,PB/Lgr,B/Dgr,precise,
112,B/Vp,P/P,PB/L,pure and elegant,
112,N8,N9.5,PB/L,simple,
112,B/Vp,N9.5,PB/L,crystalline,
112,P/Gr,N8,PB/L,refined,
112,P/Lgr,PB/L,N4,urbane,
112,N3,PB/Vp,PB/L,smart,
112,B/Dgr,P/S,PB/L,aristocratic,
112,N4,PB/Gr,PB/L,subtle and mysterious,
112,N2,PB/L,PB/S,intellectual,
113,RP/Lgr,N7,PB/Gr,refined,
113,P/Lgr,P/L,PB/Gr,graceful,
113,PB/Gr,PB/P,N8,aqueous,
113,YR/Gr,N8,PB/Gr,chic,
113,PB/Vp,P/Lgr,PB/Gr,polished,
113,P/Gr,N8,PB/Gr,sober,
113,P/Dk,PB/Gr,N2,majestic,
113,B/Lgr,PB/Gr,N4,urbane,
113,PB/Gr,N8,PB/Dk,precise,
114,N7,Y/Vp,PB/Dl,progressive,
114,PB/Dl,G/Vp,G/S,steady,
114,BG/P,N9.5,PB/Dl,Western,
114,P/Gr,N7,PB/Dl,chic,
114,N8,B/Gr,PB/Dl,quiet,
114,PB/Dl,P/V,N3,modern,
114,PB/L,PB/Dl,B/L,intellectual,
114,PB/Dl,N7,PB/Dk,cultivated,
114,N2,N9.5,PB/Dl,masculine,
115,YR/V,PB/Dp,R/V,lively,
115,BG/Gr,N9.5,PB/Dp,smart,
115,PB/Dp,N9.5,B/B,agile,
115,R/V,Y/V,PB/Dp,vigorous,
115,PB/Dp,N6,PB/Dgr,composed,
115,PB/Dp,N9,B/Dl,rational,
115,PB/Dp,B/Gr,N2,sublime,
115,P/Dgr,N9,B/Dp,masculine,
115,N2,N7,PB/Dp,earnest,
116,P/Dl,PB/P,PB/Dk,distinguished,
116,PB/Dk,N6,PB/Vp,intellectual,
116,Y/V,N9,PB/Dk,agile,
116,B/Lgr,P/Dl,PB/Dk,eminent,
116,PB/Dk,N8,PB/Gr,precise,
116,PB/Dk,N9.5,BG/B,sharp,
116,YR/Dk,N6,PB/Dk,earnest,
116,B/Dp,PB/Vp,PB/Dk,masculine,
116,N1.5,N7,PB/Dk,formal,
117,Y/Dgr,Y/Gr,PB/Dgr,dignified,
117,YR/Dk,PB/Dgr,GY/Gr,tradiional,
117,PB/Dgr,N9,N5,metallic,
117,PB/Dgr,YR/Dp,N1.5,sturdy,
117,N5,PB/Dgr,B/Gr,solemn,
117,PB/Dgr,N9,PB/Dp,proper,
117,R/Dgr,N5,PB/Dgr,strong and robust,
117,PB/Dgr,YR/Dk,N2,heavy and deep,
117,PB/Dgr,B/Gr,N2,authoritative,
118,YR/V,P/V,Y/V,dazzling,
118,R/B,RP/V,P/V,glossy,
118,RP/B,P/V,GY/V,amusing,
118,RP/V,P/V,Y/V,showy,
118,RP/V,R/P,P/V,fascinating,
118,RP/S,BG/L,P/V,mysterious,
118,P/V,Y/S,R/Dp,decorative,
118,P/P,RP/B,P/V,brilliant,
118,RP/V,G/B,P/V,provocative,
119,RP/S,RP/P,P/S,alluring,
119,RP/Lgr,RP/L,P/S,glossy,
119,P/S,PB/P,PB/Gr,noble and elegant,
119,R/B,RP/S,P/S,brilliant,
119,RP/S,G/P,P/S,mysterious,
119,P/S,PB/Lgr,PB/Dk,eminent,
119,Y/Dl,R/Dk,P/S,elaborate,
119,P/Gr,P/S,N2,aristocratic,
119,PB/Dk,P/S,N1.5,precious,
120,Y/B,R/B,P/B,colorful,
120,P/B,N8,PB/P,refined,
120,P/B,P/P,PB/Vp,pure and elegant,
120,R/B,GY/P,P/B,amusing,
120,P/B,P/P,P/S,brilliant,
120,P/P,P/B,PB/Gr,sleek,
120,RP/V,P/B,P/V,glossy,
120,RP/S,P/B,P/Dgr,alluring,
120,N9.5,P/B,N1.5,modern,
121,RP/P,R/Vp,P/P,tender,
121,R/P,RP/Vp,P/P,sweet and dreamy,
121,P/P,N9,PB/Lgr,pure and simple,
121,RP/L ,P/P,P/Vp,feminine,
121,RP/Vp,P/P,P/Gr,emotional,
121,B/Vp,P/P,PB/L,pure and elegant,
121,P/P,RP/B,P/Dl,fascinating,
121,P/B,P/P,P/S,brilliant,
121,P/P,PB/Gr,P/Lgr,sleek,
122,R/Lgr,P/Vp,BG/Vp,soft,
122,P/Vp,Y/Vp,B/Vp,romantic,
122,N8,P/Vp,B/Vp,tender,
122,YR/P,RP/P,P/Vp,sweet and dreamy,
122,RP/Lgr,P/Vp,P/Lgr,cultured,
122,BG/Vp,P/Vp,PB/Lgr,dreamy,
122,RP/L,P/Vp,P/P,feminine,
122,P/Vp,N7,GY/Lgr,delicate,
122,P/Vp,P/Lgr,PB/Lgr,subtle,
123,R/Lgr,RP/Vp,P/Lgr,gentle and elegant,
123,P/Lgr,RP/Lgr,PB/Lgr,sedate,
123,P/Vp,P/Lgr,PB/Lgr,delicate,
123,RP/Vp,P/Lgr,RP/Gr,elegant,
123,RP/LGr,P/Gr,P/Lgr,cultured,
123,P/Lgr,B/Vp,PB/Gr,noble,
123,P/Lgr,P/L,PB/Gr,graceful,
123,P/Gr,N8,P/LGr,subtle,
123,P/Lgr,N6,N4,chic,
124,RP/P,YR/Vp,P/L,feminine,
124,RP/Vp,BG/Vp,P/L,emotional,
124,P/L,N9,B/L,pure and simple,
124,RP/L,P/Vp,P/L,tender,
124,RP/P,P/L,P/Gr,graceful,
124,P/Gr,P/L,BG/Vp,fashionable,
124,RP/S,P/L,P/Dl,brilliant,
124,PB/Gr,P/L,RP/Lgr,elegant,
124,GY/Lgr,P/L,BG/Gr,interesting,
125,R/L,RP/Lgr,P/Gr,graceful,
125,P/Gr,P/L,N8,elegant,
125,P/Gr,Y/Lgr,PB/L,refined,
125,GY/Gr,Y/Lgr,P/Gr,Japanese,
125,RP/Lgr,P/Gr,B/Gr,fashionable,
125,P/Gr,N9,N6,sedate,
125,Y/Dl,P/Gr,PB/Lgr,subtle,
125,RP/Dl,P/Gr,N7,sleek,
125,P/Gr,N7,N2,subtle and mysterious,
126,Y/L,P/Dl,N7,stylish,
126,BG/Gr,N8,P/Dl,distinguished,
126,P/Lgr,PB/L,P/Dl,noble and elegant,
126,RP/S,P/L,P/Dl,brilliant,
126,P/Dl,PB/Gr,PB/Dk,aristocratic,
126,PB/L,P/Dl,N1.5,eminent,
126,R/P,P/Dl,GY/Dl,ethnic,
126,N5,N1.5,P/Dl,precious,
126,N8,P/Dl,N2,sublime,
127,RP/V,Y/V,P/Dp,colorful,
127,RP/S,N8,P/Dp,brilliant,
127,P/Dp,B/Lgr,PB/Dgr,eminent,
127,R/Dp,Y/S,P/Dp,luxurious,
127,R/Dp,R/Gr,P/Dp,mellow,
127,R/Dk,Y/Dp,P/Dp,extravagant,
127,RP/Dp,Y/S,P/Dp,gorgeous,
127,RP/S,P/Dp,RP/Dl,alluring,
127,P/Dp,YR/Gr,N1.5,precious,
128,RP/Dp,Y/Dl,P/Dk,mellow,
128,Y/Dk,R/Gr,P/Dk,tasteful,
128,P/Dk,GY/Gr,N7,modest,
128,R/Dp,P/Dk,BG/Dl,elaborate,
128,YR/Dl,Y/Dk,P/Dk,classic,
128,B/Gr,P/Dk,N8,sublime,
128,P/Dk,RP/S,BG/Dl,decorative,
128,P/Dk,YR/Dp,GY/Dk,traditional,
128,N1.5,P/Dk,PB/Gr,majestic,
129,RP/S,P/B,P/Dgr,alluring,
129,N8,PB/L,P/Dgr,rational,
129,BG/Dl,N9.5,P/Dgr,modern,
129,YR/Dgr,N7,P/Dgr,conservative,
129,P/Dgr,B/Gr,Y/Dgr,dignified,
129,P/Dgr,N9.5,PB/Dl,masculine,
129,P/Dgr,Y/Gr,BG/Dgr,sturdy,
129,N2,Y/Dk,P/Dgr,serious,
129,P/Dgr,N6,N3,solemn,
130,RP/V,N9.5,Y/V,dazzling,
130,RP/V,G/V,Y/V,vivid,
130,RP/V,Y/V,B/V,ﬂamboyant,
130,RP/V,YR/B,BG/S,tropical,
130,RP/V,P/V,Y/V,showy,
130,Y/S,RP/V,P/Dp,colorful,
130,RP/V,Y/V,N1.5,dynamic,
130,GY/V,RP/V,N1.5,fiery,
130,P/V,RP/V,BG/S,provocative,
131,R/V,YR/V,RP/S,abundant,
131,RP/S,RP/P,P/Dl,brilliant,
131,RP/S,N9,B/L,Western,
131,RP/B,P/V,RP/S,glossy,
131,RP/V,P/Dp,RP/S,alluring,
131,RP/S,G/P,P/S,mysterious,
131,RP/S,Y/V,P/V,amusing,
131,P/Dl,N1.5,RP/S,decorative,
131,P/Dl,RP/S,B/Dp,complex,
132,RP/B,P/Vp,BG/B,cute,
132,YR/B,G/P,RP/B,amusing,
132,RP/B,Y/P,B/P,childlike,
132,RP/B,P/Vp,R/V,happy,
132,RP/B,YR/B,GY/V,merry,
132,RP/B,Y/Vp,PB/B,pretty,
132,P/P,RP/B,P/Dl,fascinating,
132,RP/B,BG/B,P/V,colorful,
132,GY/P,RP/B,PB/S,enjoyable,
133,RP/P,N9.5,Y/P,pretty,
133,R/Vp,RP/P,P/Vp,soft,
133,RP/P,G/Vp,R/Vp,innocent,
133,R/P,YR/Vp,RP/P,sweet,
133,RP/P,YR/Vp,BG/Vp,charming,
133,RP/P,Y/Vp,B/Vp,dreamy,
133,RP/P,R/Vp,P/P,sweet and dreamy,
133,RP/P,RP/Vp,BG/Lgr,tender,
133,P/L,RP/P,BG/Vp,feminine,
134,R/Lgr,YR/Vp,RP/Vp,agreeable to the touch,
134,RP/Vp,N9.5,G/Vp,supple,
134,RP/Vp,N9.5,PB/Vp,romantic,
134,YR/P,Y/Vp,RP/Vp,sunny,
134,RP/P,RP/Vp,Y/Vp,innocent,
134,RP/P,RP/Vp,B/Vp,charming,
134,YR/Lgr,R/L,RP/Vp,pleasant,
134,R/Lgr,RP/Vp,P/Lgr,gentle and elegant,
134,RP/Vp,BG/Vp,P/L,emotional,
135,YR/Lgr,YR/Lgr,RP/Lgr,mild,
135,RP/Lgr,YR/Vp,P/P,feminine,
135,RP/Lgr,N9,P/L,graceful,
135,RP/Lgr,P/Vp,P/Lgr,cultured,
135,P/Vp,RP/Lgr,N7,delicate,
135,YP/Vp,PB/Lgr,RP/Lgr,supple,
135,RP/Lgr,R/L,YR/Gr,emotional,
135,P/Vp,RP/Lgr,P/Gr,sleek,
135,RP/Lgr,N7,PB/Gr,refined,
136,R/Gr,R/Lgr,RP/L,pleasant,
136,RP/L,P/Vp,P/L,tender,
136,RP/L,P/P,P/Vp,feminine,
136,R/Gr,GY/Dk,RP/L,nostalgic,
136,RP/L,P/Gr,RP/Dl,sedate,
136,RP/L,RP/Gr,P/Dl,graceful,
136,RP/V,P/S,RP/L,glossy,
136,RP/Dl,RP/L,P/Dl,alluring,
136,PB/Vp,RP/L,PB/Dk,Western,
137,R/Vp,R/L,RP/Gr,tender,
137,R/Lgr,N7,RP/Gr,sleek,
137,P/Vp,P/L,RP/Gr,elegant,
137,RP/Lgr,N7,RP/Gr,mild,
137,R/Gr,P/Lgr,RP/Gr,emotional,
137,RP/Gr,P/Lgr,N8,subde,
137,R/S,RP/Gr,P/Dl,alluring,
137,RP/Lgr,RP/L,RP/Gr,graceful,
137,RP/Gr,P/Lgr,PB/Gr,chic,
138,RP/Dl,P/Gr,RP/Lgr,sleek,
138,Y/L,RP/Dl,BG/Gr,interesting,
138,RP/Dl,N9,P/Lgr,cultured,
138,RP/Dl,RP/L,P/Dl,alluring,
138,Y/S,BG/Dl,RP/Dl,complex,
138,YR/Dgr,Y/Gr,RP/Dl,tasteful,
138,RP/Dp,R/S,RP/Dl,mellow,
138,P/Dp,Y/S,RP/Dl,extravagant,
138,YR/Dl,RP/Dl,B/Dgr,classic,
139,RP/Dp,R/S,Y/Dl,mature,
139,RP/Dp,Y/S,P/Dk,extravagant,
139,RP/Dp,Y/Dp,P/Dp,gorgeous,
139,RP/Dp,YR/Dl,P/Dk,mellow,
139,RP/Dp,Y/S,G/Dp,ethnic,
139,RP/Dp,BG/Dl,Y/Dp,decorative,
139,RP/Dp,RP/S,P/Dp,alluring,
139,Y/S,RP/Dp,N1.5,luxurious,
139,RP/Dp,GY/Dl,P/Dk,elaborate,
140,RP/Dk,Y/Dl,Y/S,substantial,
140,YR/Dk,R/Dl,RP/Dk,mellow,
140,Y/Dgr,Y/Dl,RP/Dk,tasteful,
140,RP/Dk,Y/S,BG/Dk,elaborate,
140,RP/Dk,YR/Dl,P/Dk,classic,
140,RP/Dk,PB/Gr,N1.5,majestic,
140,RP/Dk,R/S,RP/Dgr,mature,
140,RP/Dk,Y/Dl,GY/Dk,old-fashioned,
140,N2,RP/Dk,B/Dgr,strong and robust,
141,R/S,Y/S,RP/Dgr,luxurious,
141,YR/Dk,Y/Dl,RP/Dgr,rustic,
141,RP/Dgr,B/Vp,PB/Dk,intrepid,
141,RP/Dk,R/S,RP/Dgr,mature,
141,RP/Dgr,Y/Dk,N1.5,sturdy,
141,RP/Dgr,N6,P/Dgr,majestic,
141,RP/Dgr,YR/Dk,G/Dgr,heavy and deep,
141,RP/Dgr,N4,PB/Dgr,serious,
141,RP/Dgr,N5,N1.5,solemn,
142,RP/Vp,N9.5,G/Vp,romantic,
142,BG/P,N9.5,B/Vp,clear,
142,BG/P,N9.5,PB/B,crystalline,
142,R/V,N9.5,Y/V,festive,
142,N8,N9.5,PB/L,simple,
142,Y/P,N9.5,G/B,youthful,
142,R/V,N9.5,PB/Dp,sporty,
142,GY/B,N9.5,PB/B,fresh,
142,BG/V,N9.5,N1.5,sharp,
143,P/Gr,RP/Lgr,N9,cultured,
143,P/P,N9,PB/Lgr,pure and simple,
143,PB/Gr,N9,BG/Gr,noble,
143,R/Gr,P/Lgr,N9,sedate,
143,N9,B/Gr,PB/Dl,quiet,
143,B/Lgr,N9,PB/Lgr,polished,
143,Y/Lgr,N9,Y/Gr,dry,
143,N9,PB/Gr,B/Dp,composed,
143,N5,N9,PB/Dgr,metallic,
144,YR/Gr,N8,PB/Gr,chic,
144,P/Gr,N8,PB/L,refined,
144,N8,B/Gr,PB/Dl,quiet,
144,YR/Gr,N7,N8,"simple, quiet and elegant",
144,GY/Gr,N8,PB/Lgr,sober,
144,B/Dk,N8,BG/Gr,youthful,
144,N8,B/Gr,B/Dl,distinguished,
144,N8,PB/S,PB/Dk,rational,
144,N2,N8,BG/V,modern,
145,P/Gr,N7,RP/Lgr,elegant,
145,G/Lgr,Y/Lgr,N7,tranquil,
145,P/Lgr,N7,PB/Gr,subtle,
145,P/Gr,N7,B/Gr,chic,
145,Y/L,Y/Gr,N7,simple and appealing,
145,B/Dgr,N7,PB/Dp,earnest,
145,Y/Gr,N7,GY/Gr,sober,
145,YR/Dk,N7,Y/Dl,simple. quiet and elegant,
145,BG/Dk,N7,N1.5,metallic,
146,GY/Gr,Y/Lgr,N6,simple and appealing,
146,YR/Gr,N6,N8,simple. quiet and elegant,
146,PB/Vp,N6,PB/Dk,intellectual,
146,Y/Dl,N6,Y/Gr,provincial,
146,N6,GY/Gr,R/Dgr,modest,
146,PB/Dgr,N6,N2,solemn,
146,GY/Dgr,N6,B/Dl,masculine,
146,YR/Dk,N6,PB/Dp,formal,
146,N6,N1.5,P/Gr,sublime,
147,GY/Gr,N7,N5,sober,
147,BG/Gr,N9,N5,chic,
147,B/Dk,N9,N5,earnest,
147,P/Dk,N5,N2,majestic,
147,N5,PB/Dgr,B/Gr,solemn,
147,N5,PB/Dp,N1.5,exact,
147,N5,YR/Dk,PB/Dgr,sound,
147,Y/Dgr,N5,N2,strong and robust,
147,PB/Dk,N5,N1.5,dignified,
148,N8,GY/Gr,N4,provincial,
148,RP/Gr,P/Lgr,N4,chic,
148,B/Lgr,P/Gr,N4,urbane,
148,N4,YR/Gr,Y/Dgr,diligent,
148,Y/Gr,N4,N2,subtle and mysterious,
148,N4,N9,PB/Dgr,formal,
148,R/Dgr,N4,N1.5,serious,
148,B/Dgr,N4,PB/Lgr,exact,
148,N2,B/Gr,N4,precise,
149,Y/L,N3,B/Gr,salty,
149,N5,PB/Lgr,N3,exact,
149,N3,B/Gr,B/Lgr,urbane,
149,Y/Dgr,Y/Gr,N3,bitter,
149,YR/Gr,N5,N3,subtle and mysterious,
149,N3,N6,PB/Dk,authoritative,
149,Y/Gr,N3,YR/Dk,conservative,
149,N3,Y/Dk,G/Dgr,quiet and sophisticated,
149,N3,PB/Gr,PB/Dgr,solemn,
150,P/Gr,N7,N2,subtle and mysterious,
150,N2,N8,B/L,intellectual,
150,N2,N9,PB/Gr,formal,
150,YR/Dk,YR/Dl,N2,old-fashioned,
150,Y/Dgr,GY/Gr,N2,sturdy,
150,N2,PB/Dp,B/Gr,sublime,
150,R/Dgr,R/Dp,N2,robust,
150,N2,YR/Dk,PB/Dgr,heavy and deep,
150,PB/Dgr,B/Gr,N2,authoritative,
151,R/V,N1.5,Y/V,bold,
151,N1.5,P/Dl,B/L,stylish,
151,N1.5,B/Vp,BG/V,modern,
151,N1.5,YR/V,R/V,fiery,
151,P/V,Y/V,N1.5,intense,
151,N1.5,N9.5,PB/V,sharp,
151,RP/V,N1.5,BG/V,striking,
151,YR/Dgr,YR/Gr,N1.5,strong and robust,
151,N1.5,PB/Dl,N7,metallic,